kind,source_id,source_url,title,format,date,action,destination,priority,status,notes
page,1519,https://unpoison.org/animals/,Animals,html,2026-01-14T18:16:50,migrate_rewrite,/animals/,P1,local_draft_pending_review,"Expanded local page preserves rescue directory, poisoning content, owl short and webinar, alternatives, Champs sign-up, and all three FAQ topics. Anna to review campaign ownership, clinical wording, original home-treatment claim, and directory contacts before cutover."
page,1344,https://unpoison.org/poison-free-city/,Pesticide-Free City,html,2025-11-06T16:15:45,migrate_consolidate,/campaigns/pesticide-free-cape-town/,P0,in_progress,"Prototype contains only part of the campaign. Preserve FAQ, participation routes, tools and source claims; redirect the legacy URL."
page,947,https://unpoison.org/monthly-donations/,Monthly Donations,html,2024-04-27T19:21:21,bridge_then_migrate,/donate/,P0,in_progress,"Current prototype links back to WordPress. Verify PayFast, EFT, acknowledgements and recurring donation behaviour before replacing it."
page,712,https://unpoison.org/debit-order/,Debit Order,html,2021-07-30T20:18:20,consolidate_review,/donate/,P1,blocked_access,Verify whether the ThrivePay debit-order route is active and owned before consolidating or retiring it.
page,650,https://unpoison.org/contact/,Contact,html,2024-04-19T10:22:47,migrate,/contact/,P0,not_started,"Create a clear contact route and verify delivery destination, spam controls and privacy wording."
page,473,https://unpoison.org/demo/,DEMO,html,2021-05-15T16:31:39,retire,,P3,candidate_retire,Divi demo content unrelated to UnPoison. Remove from index and return 410 unless evidence requires a redirect.
page,441,https://unpoison.org/stories/,Stories,html,2021-05-21T15:02:11,review_archive,/stories/,P2,not_started,Review whether any real public stories exist and confirm consent/anonymisation before migration.
page,437,https://unpoison.org/submit-a-story/,Report an Incident,html,2025-10-20T19:39:48,bridge_then_migrate,/report-an-incident/,P0,in_progress,"Current prototype links back to WPForms. Replacement is blocked on POPIA, storage, notification and operational decisions."
page,370,https://unpoison.org/,Home,html,2026-09-09T10:06:02,rewrite_consolidate,/,P0,in_progress,"Keep the mission, vision, current work, media, webinars, partners and action routes, but split archive material into typed content."
page,231,https://unpoison.org/case-studies/,Case studies,html,2021-02-19T11:11:07,retire_or_redirect,/resources/,P3,candidate_retire,Appears empty or placeholder. Confirm inbound links before redirecting or returning 410.
page,229,https://unpoison.org/alternatives/,Alternatives,html,2021-02-19T11:10:47,rewrite_consolidate,/resources/,P2,not_started,Retain useful safer-alternative material as guides/resources; do not preserve an empty placeholder page.
page,227,https://unpoison.org/education-tools/,Education & Tools,html,2022-08-07T18:25:52,review_consolidate,/resources/,P2,not_started,Assess useful tools individually; consolidate retained items into the evidence library rather than preserving the old page shell.
page,185,https://unpoison.org/our-work/,Our Work,html,2025-02-21T12:41:15,migrate_consolidate,/resources/,P0,in_progress,Only five resource records exist locally. Migrate and enrich the complete document archive with metadata and stable URLs.
page,68,https://unpoison.org/coming-soon/,Coming Soon,html,2020-12-05T07:38:01,retire,,P3,candidate_retire,Legacy holding page. Remove from index and return 410.
post,124,https://unpoison.org/2020/12/05/pesticide-spray-drift-in-south-africa-calling-for-legislation-on-buffer-zones-and-other-measures-to-protect-our-people-and-environment/,Pesticide spray drift in South Africa: Calling for legislation on buffer zones and other measures to protect our people and environment.,html,2020-12-07T09:19:30,migrate_consolidate,/resources/pesticide-spray-drift-in-south-africa/,P1,local_draft,Resource page and dated-URL redirect drafted locally; full report and summary preserved.
document,1629,https://unpoison.org/wp-content/uploads/2026/09/UnPoisons-Comment-on-SAs-Draft-NBSAP-2026-2035.pdf,UnPoison’s Comment on SA’s Draft NBSAP 2026 – 2035,application/pdf,2026-09-09T10:04:14,migrate,/resources/,P1,in_progress,Already represented in the prototype; original still needs rights/version review.
document,1624,https://unpoison.org/wp-content/uploads/2026/08/Colloquium_PROG_FINAL_20_Aug_-2025-1.pdf,Colloquium_PROG_FINAL_20_Aug_ 2025-1,application/pdf,2026-08-13T10:40:11,migrate,/documents/pesticide-policy-colloquium-programme-2025.pdf,P1,local_copy,Exact public programme copied; URL redirect drafted locally.
document,1623,https://unpoison.org/wp-content/uploads/2026/08/Press-Release_-Historic-Pesticide-Policy-Framework-Colloquium-Aug-2025-1.pdf,Press Release_ Historic Pesticide Policy Framework – Colloquium Aug 2025-1,application/pdf,2026-08-13T10:36:04,migrate,/documents/pesticide-policy-colloquium-press-release-2025.pdf,P1,local_copy,Exact public release copied; resource record and URL redirect drafted locally.
document,1619,https://unpoison.org/wp-content/uploads/2026/08/UnPoison-Comments-on-Biopesticide-Regulatory-Gaps-in-South-Africa-01-May-2026.pdf,UnPoison Comments on Biopesticide Regulatory Gaps in South Africa 01 May 2026,application/pdf,2026-08-13T10:22:12,migrate,/resources/,P1,in_progress,Already represented in the prototype; original still needs rights/version review.
image,1611,https://unpoison.org/wp-content/uploads/2026/06/South-Africa-Bans-Terbufos-May-2026.png,South Africa Bans Terbufos May 2026,image/png,2026-06-30T12:02:46,review,,P2,not_started,Missing media-library alt text.
document,1602,https://unpoison.org/wp-content/uploads/2026/05/UnPoison-Comment-on-CoCT-26_27-Budget-Request-for-Poison-Free-Weed-Control.pdf,UnPoison Comment on CoCT 26_27 Budget Request for Poison-Free Weed Control,application/pdf,2026-05-01T10:47:08,migrate,/resources/,P1,in_progress,Already represented in the prototype; original still needs rights/version review.
document,1590,https://unpoison.org/wp-content/uploads/2026/03/UnPoison-Comment-on-Terbufos-Ban-notice.pdf,UnPoison Comment on Terbufos Ban notice,application/pdf,2026-03-10T08:45:41,migrate,/resources/,P1,in_progress,Already represented in the prototype; original still needs rights/version review.
image,1586,https://unpoison.org/wp-content/uploads/2026/03/South-Africas-Pesticide-Policy-Colloquium-2025.png,South Africa’s Pesticide Policy Colloquium 2025,image/png,2026-03-10T07:27:08,review,,P2,not_started,Missing media-library alt text.
image,1578,https://unpoison.org/wp-content/uploads/2026/01/MG-SA-bans-Terbufos.png,M&G SA bans Terbufos,image/png,2026-01-29T07:26:26,review,,P2,not_started,Missing media-library alt text.
document,1571,https://unpoison.org/wp-content/uploads/2026/01/Wildlife_and_Raptor_Rehab_Centres_South_Africa.pdf,Wildlife_and_Raptor_Rehab_Centres_South_Africa,application/pdf,2026-01-14T13:21:50,migrate,/documents/wildlife-and-raptor-rehabilitation-centres-south-africa.pdf,P1,local_copy_pending_contact_review,Original public PDF copied byte-for-byte; rehabilitation contact details need verification before cutover.
image,1529,https://unpoison.org/wp-content/uploads/2025/11/DB_EarthDay_Banner3.webp,DB_EarthDay_Banner3,image/webp,2025-11-26T19:40:31,review,,P2,not_started,Missing media-library alt text.
image,1523,https://unpoison.org/wp-content/uploads/2025/11/Diverse-Animals-Gathering-in-Grasslands-1.png,Diverse Animals Gathering in Grasslands,image/png,2025-11-26T15:54:09,review,,P2,not_started,Missing media-library alt text. Possible duplicate title; compare file hashes and usage before choosing a canonical asset.
image,1522,https://unpoison.org/wp-content/uploads/2025/11/Diverse-Animals-Gathering-in-Grasslands.png,Diverse Animals Gathering in Grasslands,image/png,2025-11-26T15:53:22,review,,P2,not_started,Missing media-library alt text. Possible duplicate title; compare file hashes and usage before choosing a canonical asset.
document,1516,https://unpoison.org/wp-content/uploads/2025/11/Do-Not-Spray-Here.pdf,Do Not Spray Here!,application/pdf,2025-11-13T19:43:58,review_consolidate,/resources/,P1,not_started,Possible duplicate title; compare file hashes and usage before choosing a canonical asset.
image,1494,https://unpoison.org/wp-content/uploads/2025/10/Do-Not-Spray-Here.png,Do Not Spray Here,image/png,2025-10-29T15:34:08,review,,P2,not_started,Missing media-library alt text. Possible duplicate title; compare file hashes and usage before choosing a canonical asset.
image,1473,https://unpoison.org/wp-content/uploads/2025/10/2.jpg,2,image/jpeg,2025-10-24T17:59:31,review,,P2,not_started,Missing media-library alt text. Possible duplicate title; compare file hashes and usage before choosing a canonical asset.
document,1463,https://unpoison.org/wp-content/uploads/2025/10/Is-this-herbicide-spraying-legal-1.pdf,Is this herbicide spraying legal?,application/pdf,2025-10-24T12:13:42,review_consolidate,/documents/is-this-herbicide-spraying-legal.pdf,P1,local_copy,Hash-identical to unsuffixed upload; both redirects drafted locally.
document,1462,https://unpoison.org/wp-content/uploads/2025/10/Is-this-herbicide-spraying-legal.pdf,Is this herbicide spraying legal?,application/pdf,2025-10-24T12:12:10,review_consolidate,/documents/is-this-herbicide-spraying-legal.pdf,P1,local_copy,Hash-identical to suffixed upload; both redirects drafted locally.
image,1420,https://unpoison.org/wp-content/uploads/2025/10/southern-suburbs.jpg,southern suburbs,image/jpeg,2025-10-16T21:20:10,review,,P2,not_started,Missing media-library alt text.
image,1395,https://unpoison.org/wp-content/uploads/2025/10/fill-in-our-poll.jpg,fill in our poll,image/jpeg,2025-10-14T21:28:35,review,,P2,not_started,Missing media-library alt text.
image,1394,https://unpoison.org/wp-content/uploads/2025/10/City-Spray-Schedule.png,City Spray Schedule,image/png,2025-10-14T21:08:20,review,,P2,not_started,Missing media-library alt text.
image,1388,https://unpoison.org/wp-content/uploads/2025/10/CoCT-Herbicide-Spraying-Info-sml.png,CoCT Herbicide Spraying Info sml,image/png,2025-10-12T18:29:46,review,,P2,not_started,Missing media-library alt text.
document,1386,https://unpoison.org/wp-content/uploads/2025/10/CoCT-Herbicide-Spraying-Info.pdf,CoCT Herbicide Spraying Info,application/pdf,2025-10-12T18:26:50,migrate,/resources/,P1,not_started,
image,1381,https://unpoison.org/wp-content/uploads/2025/10/Municipal-Spraying-Compliance-Checklist.png,Municipal Spraying Compliance Checklist,image/png,2025-10-11T10:40:08,review,,P2,not_started,Missing media-library alt text.
image,1360,https://unpoison.org/wp-content/uploads/2025/10/suburb-map.jpg,suburb map,image/jpeg,2025-10-08T18:38:39,review,,P2,not_started,Missing media-library alt text.
image,1353,https://unpoison.org/wp-content/uploads/2025/10/UnPoison-Cape-Town.png,UnPoison Cape Town,image/png,2025-10-05T19:22:26,migrate_review,,P0,in_progress,Missing media-library alt text. Already represented in the prototype; original still needs rights/version review.
image,1341,https://unpoison.org/wp-content/uploads/2025/09/Pesticide-Policy-Colloquium-2025-Mail-Guardian.png,Pesticide Policy Colloquium 2025 Mail & Guardian,image/png,2025-09-04T18:08:01,review,,P2,not_started,Missing media-library alt text.
image,1317,https://unpoison.org/wp-content/uploads/2025/07/Steenhuisen-Terbufos.png,Steenhuisen Terbufos,image/png,2025-07-10T12:35:37,review,,P2,not_started,Missing media-library alt text.
image,1310,https://unpoison.org/wp-content/uploads/2025/07/Terbufos-Ban.png,Terbufos Ban,image/png,2025-07-03T10:11:12,review,,P2,not_started,Missing media-library alt text.
image,1298,https://unpoison.org/wp-content/uploads/2025/06/News24-Chaos-over-Banned-Pesticides.png,News24 Chaos over Banned Pesticides,image/png,2025-06-28T10:20:18,review,,P2,not_started,Missing media-library alt text.
image,1290,https://unpoison.org/wp-content/uploads/2025/05/Globally-Harmonized-System-of-Classification-and-Labelling-of-Chemicals-GHS-10th-revised-Edition-Code-UNGHS10.png,Globally-Harmonized-System-of-Classification-and-Labelling-of-Chemicals-GHS-10th-revised-Edition-Code-UNGHS10,image/png,2025-05-06T07:36:53,review,,P2,not_started,Missing media-library alt text.
image,1287,https://unpoison.org/wp-content/uploads/2025/05/Pesticide-Health-Risks-For-Emerging-Farmers.png,Pesticide Health Risks For Emerging Farmers,image/png,2025-05-06T06:45:53,review,,P2,not_started,Missing media-library alt text.
image,1286,https://unpoison.org/wp-content/uploads/2025/05/Dont-Blame-the-Farmer-1.png,Don’t Blame the Farmer,image/png,2025-05-06T06:40:08,review,,P2,not_started,Missing media-library alt text.
image,1275,https://unpoison.org/wp-content/uploads/2025/03/UnPoison-interview-on-Pesticde-Derogation-Applications.png,UnPoison interview on Pesticde Derogation Applications,image/png,2025-03-08T17:12:51,review,,P2,not_started,Missing media-library alt text.
document,1271,https://unpoison.org/wp-content/uploads/2025/03/UnPoison-Calls-for-an-Immediate-Moratorium-on-Highly-Hazardous-Pesticide-Derogations-06032025_1.pdf,UnPoison Calls for an Immediate Moratorium on Highly Hazardous Pesticide Derogations – 06032025_1,application/pdf,2025-03-06T14:59:44,migrate,/resources/,P1,not_started,
document,1266,https://unpoison.org/wp-content/uploads/2025/03/UnPoisons-Comment-on-All-Glufosinate-Ammonium-Derogation-Application-Notices-and-Risk-Assessments-14-02-25.-1.pdf,UnPoison’s Comment on All Glufosinate Ammonium Derogation Application Notices and Risk Assessments 14 02 25.-1,application/pdf,2025-03-06T09:14:05,migrate,/resources/,P1,not_started,
document,1265,https://unpoison.org/wp-content/uploads/2025/03/UnPoisons-Comment-on-Derogation-Notice-Submitted-by-Corteva-for-Ipconazole.pdf,UnPoison’s Comment on Derogation Notice Submitted by Corteva for Ipconazole,application/pdf,2025-03-06T09:13:38,migrate,/resources/,P1,not_started,
document,1259,https://unpoison.org/wp-content/uploads/2025/03/Request-For-Immediate-Suspension-and-Review-of-the-Derogation-Process-UnPoison-03032025-1.pdf,Request For Immediate Suspension and Review of the Derogation Process – UnPoison 03032025,application/pdf,2025-03-06T08:44:06,review_consolidate,/documents/derogation-process-suspension-request-2025.pdf,P1,local_copy,Hash-identical to unsuffixed upload; both redirects drafted locally.
document,1258,https://unpoison.org/wp-content/uploads/2025/03/UnPoison-Calls-for-an-Immediate-Moratorium-on-Highly-Hazardous-Pesticide-Derogations-06032025.pdf,UnPoison Calls for an Immediate Moratorium on Highly Hazardous Pesticide Derogations – 06032025,application/pdf,2025-03-06T14:54:32,migrate,/resources/,P1,not_started,
document,1255,https://unpoison.org/wp-content/uploads/2025/03/Request-For-Immediate-Suspension-and-Review-of-the-Derogation-Process-UnPoison-03032025.pdf,Request For Immediate Suspension and Review of the Derogation Process – UnPoison 03032025,application/pdf,2025-03-03T15:20:13,review_consolidate,/resources/derogation-process-suspension-2025/,P1,local_draft,Exact public PDF copied; suffixed duplicate hash-identical; resource and both redirects drafted locally.
document,1240,https://unpoison.org/wp-content/uploads/2025/02/Media-Release-UnPoisons-2025-Update-of-South-Africas-Highly-Hazardous-Pesticide-Database-and-Analysis.pdf,Media Release – UnPoison’s 2025 Update of South Africa’s Highly Hazardous Pesticide Database and Analysis,application/pdf,2025-02-21T12:21:29,migrate,/documents/hhp-database-2025-media-release.pdf,P1,local_copy,Exact public release copied and linked from 2025 database resource; redirect drafted locally.
document,1235,https://unpoison.org/wp-content/uploads/2025/02/UnPoison-SA-HHPs-Database-JMPM-criteria_GHS_ECHA_FEBRUARY-2025..pdf,UnPoison’s 2025 Highly Hazardous Pesticide Database_ South Africa_ JMPM criteria_GHS_ECHA.,application/pdf,2025-03-02T21:21:16,migrate,/resources/,P1,in_progress,Already represented in the prototype; original still needs rights/version review.
image,1231,https://unpoison.org/wp-content/uploads/2025/02/UNPOISONS-2025-HHP-LIST.png,UNPOISON’S 2025 HHP LIST,image/png,2025-02-18T22:16:37,review,,P2,not_started,Missing media-library alt text.
image,1225,https://unpoison.org/wp-content/uploads/2025/02/CPSP-logo.png,CPSP logo,image/png,2025-02-14T15:27:34,review,,P2,not_started,Missing media-library alt text.
image,1224,https://unpoison.org/wp-content/uploads/2025/02/University-of-Edinburgh-logo.png,University of Edinburgh logo,image/png,2025-02-14T15:26:19,review,,P2,not_started,Missing media-library alt text.
image,1220,https://unpoison.org/wp-content/uploads/2024/12/HBF-logo-2.png,HBF logo,image/png,2024-12-01T08:54:56,review,,P2,not_started,Missing media-library alt text. Possible duplicate title; compare file hashes and usage before choosing a canonical asset.
image,1217,https://unpoison.org/wp-content/uploads/2024/12/HBF-Logo-1.png,HBF Logo,image/png,2024-12-01T08:42:14,review,,P2,not_started,Missing media-library alt text. Possible duplicate title; compare file hashes and usage before choosing a canonical asset.
image,1216,https://unpoison.org/wp-content/uploads/2024/12/HBF-logo.png,HBF logo,image/png,2024-12-01T08:40:09,review,,P2,not_started,Missing media-library alt text. Possible duplicate title; compare file hashes and usage before choosing a canonical asset.
image,1215,https://unpoison.org/wp-content/uploads/2024/12/ACbio-logo.jpeg,ACbio logo,image/jpeg,2024-12-01T08:33:50,review,,P2,not_started,Missing media-library alt text.
document,1208,https://unpoison.org/wp-content/uploads/2024/11/Comment-on-Update-of-Act-36-10-Nov-2024-web.pdf,Comment on Update of Act 36 10 Nov 2024-web,application/pdf,2024-11-26T22:14:37,migrate,/resources/act-36-regulations-comment-2024/,P1,local_draft,Exact public PDF copied and resource/redirect drafted locally.
image,1200,https://unpoison.org/wp-content/uploads/2024/11/Screenshot-2024-11-07-at-22.52.02.png,Screenshot 2024-11-07 at 22.52.02,image/png,2024-11-07T20:51:43,review,,P2,not_started,Missing media-library alt text.
image,1195,https://unpoison.org/wp-content/uploads/2024/11/Screenshot-2024-11-05-at-11.41.48.png,Screenshot 2024-11-05 at 11.41.48,image/png,2024-11-05T09:42:21,review,,P2,not_started,Missing media-library alt text.
image,1190,https://unpoison.org/wp-content/uploads/2024/11/WhatsApp-Image-2024-11-05-at-10.31.49.jpeg,WhatsApp Image 2024-11-05 at 10.31.49,image/jpeg,2024-11-05T08:42:15,review,,P2,not_started,Missing media-library alt text.
image,1186,https://unpoison.org/wp-content/uploads/2024/11/WaterCAN-Logo-Large.png,WaterCAN-Logo-Large,image/png,2024-11-05T08:23:06,review,,P2,not_started,Missing media-library alt text.
image,1180,https://unpoison.org/wp-content/uploads/2024/11/Screenshot-2024-11-05-at-09.33.34.png,Screenshot 2024-11-05 at 09.33.34,image/png,2024-11-05T07:33:32,review,,P2,not_started,Missing media-library alt text.
image,1174,https://unpoison.org/wp-content/uploads/2024/11/Screenshot-2024-11-05-at-09.24.42.png,Screenshot 2024-11-05 at 09.24.42,image/png,2024-11-05T07:24:11,review,,P2,not_started,Missing media-library alt text.
image,1170,https://unpoison.org/wp-content/uploads/2024/11/WhatsApp-Image-2024-11-01-at-11.18.31.jpeg,WhatsApp Image 2024-11-01 at 11.18.31,image/jpeg,2024-11-05T07:18:23,review,,P2,not_started,Missing media-library alt text.
image,1166,https://unpoison.org/wp-content/uploads/2024/11/Screenshot-2024-11-03-at-09.34.01.png,Screenshot 2024-11-03 at 09.34.01,image/png,2024-11-03T07:33:49,review,,P2,not_started,Missing media-library alt text.
image,1163,https://unpoison.org/wp-content/uploads/2024/11/WhatsApp-Image-2024-11-03-at-09.24.40.jpeg,WhatsApp Image 2024-11-03 at 09.24.40,image/jpeg,2024-11-03T07:30:52,review,,P2,not_started,Missing media-library alt text.
image,1159,https://unpoison.org/wp-content/uploads/2024/11/Project-Biome-Logo.png,Project-Biome-Logo,image/png,2024-11-03T07:07:48,review,,P2,not_started,Missing media-library alt text.
image,1154,https://unpoison.org/wp-content/uploads/2024/11/division_environmental_health_logo_ctp.jpg,UCT division_environmental_health_ctp,image/jpeg,2024-11-03T06:33:10,review,,P2,not_started,Missing media-library alt text.
document,1145,https://unpoison.org/wp-content/uploads/2024/07/2021_09_13-Unpoison-FFFARA_letter-to-Portfolio-Comm.pdf,2021_09_13 Unpoison FFFARA_letter to Portfolio Comm,application/pdf,2024-07-24T13:17:11,migrate,/resources/,P1,not_started,
document,1144,https://unpoison.org/wp-content/uploads/2024/07/2021_08_27-Unpoison-Letter-re-draft-regulations-FFFARA.pdf,2021_08_27 Unpoison Letter re draft regulations FFFARA,application/pdf,2024-07-24T13:13:52,migrate,/resources/,P1,not_started,
image,1135,https://unpoison.org/wp-content/uploads/2024/07/UnPoison-Comment-on-draft-HCA-Regs.png,UnPoison Comment on draft HCA Regs,image/png,2024-07-14T19:06:13,review,,P2,not_started,Missing media-library alt text.
document,1129,https://unpoison.org/wp-content/uploads/2024/07/UNPOISON-Comment-on-Draft-HCA-regs-web.pdf,UNPOISON Comment on Draft HCA regs web,application/pdf,2024-07-05T13:51:49,migrate,/resources/,P1,not_started,
document,1124,https://unpoison.org/wp-content/uploads/2024/07/UNPOISON-Cover-Letter-To-Minister-of-Labour-on-Draft-HCA-Regs-of-May-2024-.pdf,UNPOISON Cover Letter To Minister of Labour on Draft HCA Regs of May 2024,application/pdf,2024-07-05T13:21:19,migrate,/resources/,P1,not_started,
image,1107,https://unpoison.org/wp-content/uploads/2024/03/No-Spray-Pilot-Pesticide-Free-Roads-2024-1.png,No-Spray Pilot Pesticide Free Roads 2024,image/png,2024-03-21T09:30:09,review,,P2,not_started,Missing media-library alt text. Possible duplicate title; compare file hashes and usage before choosing a canonical asset.
image,1106,https://unpoison.org/wp-content/uploads/2024/03/No-Spray-Pilot-Pesticide-Free-Roads-2024.png,No-Spray Pilot Pesticide Free Roads 2024,image/png,2024-03-21T09:28:43,migrate_review,,P0,in_progress,Missing media-library alt text. Possible duplicate title; compare file hashes and usage before choosing a canonical asset. Already represented in the prototype; original still needs rights/version review.
image,1102,https://unpoison.org/wp-content/uploads/2024/03/No-Spray-Roadside-Pilot-Noordhoek.png,No-Spray Roadside Pilot Noordhoek,image/png,2024-03-07T13:04:32,review,,P2,not_started,Missing media-library alt text.
image,1098,https://unpoison.org/wp-content/uploads/2024/02/SEG-Weed-Alien-Clearing-Handbook-Cape-Peninsular-2024.png,SEG Weed & Alien Clearing Handbook Cape Peninsular 2024,image/png,2024-02-27T13:48:03,review,,P2,not_started,Missing media-library alt text.
document,1093,https://unpoison.org/wp-content/uploads/2024/02/SEG-Weed-Alien-Handbook_2024.pdf,SEG Weed & Alien Handbook_2024,application/pdf,2024-02-27T13:28:06,migrate,/resources/,P1,not_started,
image,1091,https://unpoison.org/wp-content/uploads/2024/02/SEG-Weed-Alien-Clearing-Handbook-2024.png,SEG Weed & Alien Clearing Handbook 2024,image/png,2024-02-27T13:19:08,review,,P2,not_started,Missing media-library alt text.
image,1086,https://unpoison.org/wp-content/uploads/2023/11/MG-Highly-Hazardous-Pesticides-22-Nov-2023.png,M&G Highly Hazardous Pesticides 22 Nov 2023,image/png,2023-11-22T13:25:33,review,,P2,not_started,Missing media-library alt text.
image,1080,https://unpoison.org/wp-content/uploads/2023/11/UnPoison-Our-Water-1.png,UnPoison Our Water,image/png,2023-11-09T22:00:15,review,,P2,not_started,Missing media-library alt text. Possible duplicate title; compare file hashes and usage before choosing a canonical asset.
image,1078,https://unpoison.org/wp-content/uploads/2023/11/UnPoison-Our-Water.png,UnPoison Our Water,image/png,2023-11-09T21:57:47,review,,P2,not_started,Missing media-library alt text. Possible duplicate title; compare file hashes and usage before choosing a canonical asset.
image,1070,https://unpoison.org/wp-content/uploads/2023/10/Women-Farmerworkers-Fight-EU-Banned-Pesticides-Business-Day-02-10-2023.png,Women Farmerworkers Fight EU Banned Pesticides Business Day 02 10 2023,image/png,2023-10-03T09:00:58,review,,P2,not_started,Missing media-library alt text.
image,1066,https://unpoison.org/wp-content/uploads/2023/10/Pippa-Hudson-567-UnPoison-Interview.png,Pippa Hudson 567 UnPoison Interview,image/png,2023-10-02T22:12:29,review,,P2,not_started,Missing media-library alt text.
image,1061,https://unpoison.org/wp-content/uploads/2023/09/Global-action-to-phase-out-HHPs-ICCM5.png,Global action to phase out HHP’s ICCM5,image/png,2023-09-25T22:23:17,review,,P2,not_started,Missing media-library alt text.
document,1047,https://unpoison.org/wp-content/uploads/2023/08/Corrected-Press-Release-UnPoison-Publishes-South-Africas-List-of-Highly-Hazardous-Pesticides-23082023.pdf,Corrected Press Release UnPoison Publishes South Africa’s List of Highly Hazardous Pesticides 23082023,application/pdf,2023-08-29T12:31:53,migrate,/documents/hhp-database-2023-press-release.pdf,P1,local_copy,Exact public PDF copied and linked from 2023 database resource; redirect drafted locally.
document,1046,https://unpoison.org/wp-content/uploads/2023/08/08122022-Unpoison-HHP-Phase-Out-letter-to-Registrar.pdf,08122022 Unpoison HHP Phase Out letter to Registrar,application/pdf,2023-08-29T12:30:32,migrate,/resources/,P1,not_started,
document,1025,https://unpoison.org/wp-content/uploads/2023/08/SA-list-of-Highly-Hazardous-Pesticides-using-JMPM-criteria-WHOFAO-ban-comparisson.pdf,SA list of Highly Hazardous Pesticides using JMPM criteria (WHO:FAO) & ban comparisson,application/pdf,2023-08-20T15:26:03,migrate,/resources/hhp-database-2023/,P1,local_draft,Exact public PDF copied and resource/redirect drafted locally; historical dataset.
image,1023,https://unpoison.org/wp-content/uploads/2023/08/UnPoisons-List-of-SA-HHPs-2023.png,UnPoison’s List of SA HHPs 2023,image/png,2023-08-20T15:20:07,review,,P2,not_started,Missing media-library alt text.
image,1010,https://unpoison.org/wp-content/uploads/2023/08/Screenshot-2023-08-15-at-22.56.19.png,Screenshot 2023-08-15 at 22.56.19,image/png,2023-08-15T20:56:48,review,,P2,not_started,Missing media-library alt text.
image,1009,https://unpoison.org/wp-content/uploads/2023/08/MG-Aticle-Ban-Highly-Hazardous-Pesticides.png,M&G Aticle Ban Highly Hazardous Pesticides,image/png,2023-08-15T20:55:10,review,,P2,not_started,Missing media-library alt text.
image,1003,https://unpoison.org/wp-content/uploads/2023/07/New-logo-cropped.jpg,New logo cropped,image/jpeg,2023-07-30T17:09:12,review,,P2,not_started,Missing media-library alt text.
image,998,https://unpoison.org/wp-content/uploads/2023/07/List-of-Pesticides-Banned-in-South-Africa.png,List of Pesticides Banned in South Africa,image/png,2023-07-07T21:04:19,review,,P2,not_started,Missing media-library alt text.
document,995,https://unpoison.org/wp-content/uploads/2023/07/Banned-pesticides-DALRRD.pdf,List of Banned Pesticides in South Africa,application/pdf,2023-07-07T21:04:56,migrate,/resources/,P1,not_started,
image,991,https://unpoison.org/wp-content/uploads/2023/06/Kidlinks-Small-Farm-Incubator.png,Kidlinks Small Farm Incubator,image/png,2023-06-20T19:13:02,review,,P2,not_started,Missing media-library alt text.
image,979,https://unpoison.org/wp-content/uploads/2023/06/Screenshot-2023-06-20-at-20.52.23.png,Pest Control Booklet For Communities – UCT,image/png,2023-06-20T19:03:32,review,,P2,not_started,Missing media-library alt text.
image,964,https://unpoison.org/wp-content/uploads/2023/05/Screenshot-2023-05-14-at-20.48.06.png,Screenshot 2023-05-14 at 20.48.06,image/png,2023-05-14T18:54:39,review,,P2,not_started,
image,931,https://unpoison.org/wp-content/uploads/2022/09/Abalimi-logo.png,Abalimi logo,image/png,2022-09-24T20:40:23,review,,P2,not_started,Missing media-library alt text.
image,921,https://unpoison.org/wp-content/uploads/2022/09/Earthlore.png,Earthlore,image/png,2022-09-22T09:15:51,review,,P2,not_started,Missing media-library alt text.
image,919,https://unpoison.org/wp-content/uploads/2022/09/GET.png,GET,image/png,2022-09-22T09:13:58,review,,P2,not_started,Missing media-library alt text.
image,914,https://unpoison.org/wp-content/uploads/2022/09/FINAL-LOGO-WITHOUT-BACKGROUND-01-e1663838516173.png,FINAL-LOGO-WITHOUT-BACKGROUND-01,image/png,2022-09-22T09:22:32,review,,P2,not_started,Missing media-library alt text.
image,911,https://unpoison.org/wp-content/uploads/2022/09/NEAG-logo-2020.jpg,NEAG logo 2020,image/jpeg,2022-09-21T14:37:49,review,,P2,not_started,Missing media-library alt text.
image,905,https://unpoison.org/wp-content/uploads/2022/09/Blue-Sky-Organics-Logopng2-e1664051883331.jpg,Blue-Sky-Organics-Logopng2,image/jpeg,2022-09-24T20:38:18,review,,P2,not_started,Missing media-library alt text.
image,899,https://unpoison.org/wp-content/uploads/2022/09/Goedgedacht-e1663770313484.png,Goedgedacht,image/png,2022-09-21T14:27:43,review,,P2,not_started,Missing media-library alt text.
image,890,https://unpoison.org/wp-content/uploads/2022/09/WhatsApp-Image-2022-05-27-at-8.49.38-AM-e1663770019213.jpeg,EHS,image/jpeg,2022-09-21T14:20:43,review,,P2,not_started,Missing media-library alt text.
document,887,https://unpoison.org/wp-content/uploads/2022/08/UnPoison-Submission-on-Draft-Regs-For-Hazardous-Pesticides-International-Trade-3.pdf,UnPoison Submission on Draft Regs For Hazardous Pesticides International Trade,application/pdf,2022-08-10T18:45:29,review_consolidate,/resources/,P1,not_started,Possible duplicate title; compare file hashes and usage before choosing a canonical asset.
document,884,https://unpoison.org/wp-content/uploads/2022/08/UnPoison-Submission-on-Draft-Regs-For-Hazardous-Pesticides-International-Trade.pdf,UnPoison Submission on Draft Regs For Hazardous Pesticides International Trade,application/pdf,2022-08-10T18:44:35,review_consolidate,/resources/,P1,not_started,Possible duplicate title; compare file hashes and usage before choosing a canonical asset.
image,862,https://unpoison.org/wp-content/uploads/2022/07/Screenshot-2022-07-27-at-11.04.47.png,Screenshot 2022-07-27 at 11.04.47,image/png,2022-07-27T09:05:12,review,,P2,not_started,Missing media-library alt text.
image,859,https://unpoison.org/wp-content/uploads/2022/07/Screenshot-2022-07-27-at-11.01.26.png,Agrichem Policy Reform,image/png,2022-07-27T09:03:04,review,,P2,not_started,Missing media-library alt text.
document,852,https://unpoison.org/wp-content/uploads/2022/06/Comment-Climat-Change-Bill_UnPoison_SAOSO.pdf,Comment Climat Change Bill_UnPoison_SAOSO,application/pdf,2022-06-05T21:57:33,migrate,/resources/,P1,not_started,
document,835,https://unpoison.org/wp-content/uploads/2022/02/UNPOISON-Comment-on-Draft-EAP-Regs-under-NEMA.pdf,UNPOISON Comment on Draft EAP Regs under NEMA,application/pdf,2022-02-13T20:44:11,migrate,/resources/,P1,not_started,
image,832,https://unpoison.org/wp-content/uploads/2022/02/Screenshot-2022-02-13-at-22.33.44.png,Proposed NEMA Changes,image/png,2022-02-13T20:34:34,review,,P2,not_started,Missing media-library alt text. Possible duplicate title; compare file hashes and usage before choosing a canonical asset.
image,830,https://unpoison.org/wp-content/uploads/2022/02/Screenshot-2022-02-13-at-22.30.50.png,Toxic Spray Drift,image/png,2022-02-13T20:31:40,review,,P2,not_started,Missing media-library alt text.
image,826,https://unpoison.org/wp-content/uploads/2022/02/Screenshot-2022-02-13-at-22.23.58.png,Poison in our food,image/png,2022-02-13T20:24:59,review,,P2,not_started,Missing media-library alt text.
image,824,https://unpoison.org/wp-content/uploads/2022/02/Screenshot-2022-02-13-at-22.16.58.png,Industry Licenses,image/png,2022-02-13T20:18:16,review,,P2,not_started,Missing media-library alt text.
image,822,https://unpoison.org/wp-content/uploads/2022/02/Screenshot-2022-02-13-at-22.10.59.png,Proposed NEMA Changes,image/png,2022-02-13T20:11:59,review,,P2,not_started,Missing media-library alt text. Possible duplicate title; compare file hashes and usage before choosing a canonical asset.
image,813,https://unpoison.org/wp-content/uploads/2022/02/Screenshot-2022-02-13-at-21.10.57.png,Screenshot 2022-02-13 at 21.10.57,image/png,2022-02-13T19:11:30,review,,P2,not_started,Missing media-library alt text.
document,774,https://unpoison.org/wp-content/uploads/2021/10/Law-Reform-Commission_submission-on-Act-36-Unpoison-1.pdf,Law Reform Commission_submission on Act 36 Unpoison,application/pdf,2021-10-25T19:26:38,migrate,/resources/,P1,not_started,
document,739,https://unpoison.org/wp-content/uploads/2021/08/Pesticide-spray-drift-in-South-Africa-Executive-Summary-web.pdf,Pesticide spray drift in South Africa – Executive Summary-web,application/pdf,2021-08-20T22:16:03,review_consolidate,/documents/pesticide-spray-drift-south-africa-summary-2020.pdf,P1,local_copy,Hash-identical to 2020 summary; redirect drafted locally.
document,738,https://unpoison.org/wp-content/uploads/2021/08/Pesticide-spray-drift-in-South-Africa.pdf,Pesticide spray drift in South Africa,application/pdf,2021-08-20T22:15:47,review_consolidate,/documents/pesticide-spray-drift-south-africa-full-2020.pdf,P1,local_copy,Hash-identical to 2020 full report; redirect drafted locally.
document,729,https://unpoison.org/wp-content/uploads/2021/08/Table-5-endocrine-disrupting-effects.docx,Table 5 endocrine disrupting effects,application/vnd.openxmlformats-officedocument.wordprocessingml.document,2021-08-20T20:37:50,migrate,/resources/,P1,not_started,
document,728,https://unpoison.org/wp-content/uploads/2021/08/Chemical-Remedies-Submission-on-Law-Reform.pdf,Chemical Remedies Submission on Law Reform,application/pdf,2021-08-20T20:28:39,migrate,/resources/,P1,not_started,
document,727,https://unpoison.org/wp-content/uploads/2021/08/Chemical-Remedies-Report_Prof-London.pdf,Chemical Remedies Report_Prof London,application/pdf,2021-08-20T20:28:18,migrate,/resources/,P1,not_started,
document,726,https://unpoison.org/wp-content/uploads/2021/08/Request-to-Ministers.pdf,Request to Ministers,application/pdf,2021-08-20T20:27:46,migrate,/resources/,P1,not_started,
document,725,https://unpoison.org/wp-content/uploads/2021/08/2021_08_20-Unpoison-draft-regulations-comment-FFFARA-1.pdf,2021_08_20 Unpoison draft regulations comment FFFARA,application/pdf,2021-08-20T20:26:10,migrate,/resources/,P1,not_started,
image,701,https://unpoison.org/wp-content/uploads/2021/07/Landscape.jpg,Surplus People Project Logo,image/jpeg,2021-07-02T11:40:39,review,,P2,not_started,Missing media-library alt text.
image,697,https://unpoison.org/wp-content/uploads/2021/07/TRT_logo-tm-e1664052562142.jpg,TRT_logo tm,image/jpeg,2022-09-24T20:49:27,review,,P2,not_started,Missing media-library alt text.
image,689,https://unpoison.org/wp-content/uploads/2021/05/All-logo.png,UCT Department of Public Health,image/png,2021-05-19T10:49:47,review,,P2,not_started,Missing media-library alt text.
document,686,https://unpoison.org/wp-content/uploads/2021/05/Khaynisa-Education-Trust-Logo.pdf,Khaynisa Education Trust Logo,application/pdf,2021-05-18T15:10:45,migrate,/resources/,P1,not_started,
image,681,https://unpoison.org/wp-content/uploads/2021/05/New-logo-cropped.jpg,Groundwork Logo,image/jpeg,2021-05-18T12:15:17,review,,P2,not_started,Missing media-library alt text.
image,675,https://unpoison.org/wp-content/uploads/2021/05/PGS-SA-HIGH-RES-e1621329782803.png,PGS SA – HIGH RES,image/png,2021-05-18T09:23:15,review,,P2,not_started,Missing media-library alt text.
image,666,https://unpoison.org/wp-content/uploads/2021/05/green-times-banner.jpg,green times banner,image/jpeg,2021-05-17T20:27:25,review,,P2,not_started,Missing media-library alt text.
image,658,https://unpoison.org/wp-content/uploads/2021/05/15892761922_1fc2973c4b_k.jpg,Blue Cranes in Wheat Field,image/jpeg,2021-05-17T11:51:49,review,,P2,not_started,Missing media-library alt text.
image,596,https://unpoison.org/wp-content/uploads/2021/05/wolfgang-hasselmann-nZgpg4xYhjM-unsplash-scaled.jpg,mosquito control,image/jpeg,2021-05-16T17:05:54,review,,P2,not_started,Missing media-library alt text.
image,582,https://unpoison.org/wp-content/uploads/2021/05/Screenshot-2021-05-16-at-17.28.22.png,Screenshot 2021-05-16 at 17.28.22,image/png,2021-05-16T15:28:33,review,,P2,not_started,Missing media-library alt text.
image,579,https://unpoison.org/wp-content/uploads/2021/05/Aerial-spraying-between-Riebeeck-Kasteel-and-Tulbagh.jpeg,Aerial spraying between Riebeeck Kasteel and Tulbagh,image/jpeg,2021-05-16T15:24:10,review,,P2,not_started,Missing media-library alt text.
image,569,https://unpoison.org/wp-content/uploads/2021/05/Alien-Clearing.jpeg,Alien Clearing,image/jpeg,2021-05-16T15:14:24,review,,P2,not_started,Missing media-library alt text.
image,568,https://unpoison.org/wp-content/uploads/2021/05/stefan-heesch-wobqqGOq6wI-unsplash-scaled.jpg,Veterinary Use,image/jpeg,2021-05-16T15:11:18,review,,P2,not_started,Missing media-library alt text.
image,567,https://unpoison.org/wp-content/uploads/2021/05/luca-lo-tartaro-ndUyfdqbCq4-unsplash-scaled.jpg,Hotels,image/jpeg,2021-05-16T15:09:45,review,,P2,not_started,Missing media-library alt text. Possible duplicate title; compare file hashes and usage before choosing a canonical asset.
image,566,https://unpoison.org/wp-content/uploads/2021/05/eelias-lYi5Qg0xP0-unsplash-scaled.jpg,Ship Hull,image/jpeg,2021-05-16T15:07:48,review,,P2,not_started,Missing media-library alt text.
image,565,https://unpoison.org/wp-content/uploads/2021/05/South-African-border-scaled.jpeg,South African border post,image/jpeg,2021-05-16T15:05:36,review,,P2,not_started,Missing media-library alt text.
image,564,https://unpoison.org/wp-content/uploads/2021/05/hanson-lu-FT2WwbS1LJQ-unsplash1-scaled.jpg,Aeroplanes,image/jpeg,2021-05-16T14:55:39,review,,P2,not_started,Missing media-library alt text.
image,563,https://unpoison.org/wp-content/uploads/2021/05/boris-debusscher-9Rtp9uvTs3Q-unsplash-scaled.jpg,boris-debusscher-9Rtp9uvTs3Q-unsplash,image/jpeg,2021-05-16T14:50:39,review,,P2,not_started,
image,562,https://unpoison.org/wp-content/uploads/2021/05/markus-spiske-KWQ2kQtxiKE-unsplash-scaled.jpg,markus-spiske-KWQ2kQtxiKE-unsplash,image/jpeg,2021-05-16T14:48:40,review,,P2,not_started,Missing media-library alt text.
image,561,https://unpoison.org/wp-content/uploads/2021/05/vetenary.png,vetenary,image/png,2021-05-16T14:40:00,review,,P2,not_started,Missing media-library alt text.
image,560,https://unpoison.org/wp-content/uploads/2021/05/hotels.jpeg,hotels,image/jpeg,2021-05-16T14:36:17,review,,P2,not_started,Missing media-library alt text. Possible duplicate title; compare file hashes and usage before choosing a canonical asset.
image,559,https://unpoison.org/wp-content/uploads/2021/05/external-content.duckduckgo.com_.jpeg,Chemicals used on grounds,image/jpeg,2021-05-16T14:35:37,review,,P2,not_started,Missing media-library alt text.
image,557,https://unpoison.org/wp-content/uploads/2021/05/ships.jpeg,Hull of Ship,image/jpeg,2021-05-16T14:33:06,review,,P2,not_started,Missing media-library alt text.
image,542,https://unpoison.org/wp-content/uploads/2021/05/external-content.duckduckgo.com_.png,SAFL Southern African Food Labs,image/png,2021-05-16T10:51:49,review,,P2,not_started,Missing media-library alt text.
image,540,https://unpoison.org/wp-content/uploads/2021/05/liana-mikah-PyJCcS09RTg-unsplash-scaled.jpg,UnPoison Banner Image,image/jpeg,2021-05-16T10:44:01,migrate_review,,P0,in_progress,Missing media-library alt text. Already represented in the prototype; original still needs rights/version review.
image,525,https://unpoison.org/wp-content/uploads/2021/05/20210508_131458-scaled.jpg,20210508_131458,image/jpeg,2021-05-15T19:12:18,review,,P2,not_started,Missing media-library alt text.
image,507,https://unpoison.org/wp-content/uploads/2021/05/20191207_121244-scaled.jpg,20191207_121244,image/jpeg,2021-05-15T18:50:28,review,,P2,not_started,Missing media-library alt text.
image,501,https://unpoison.org/wp-content/uploads/2021/05/brett-jordan-zMJYmwca-_k-unsplash-scaled.jpg,brett-jordan-zMJYmwca-_k-unsplash,image/jpeg,2021-05-15T18:37:21,review,,P2,not_started,Missing media-library alt text.
image,496,https://unpoison.org/wp-content/uploads/2021/05/Screenshot-2021-05-14-at-18.07.39.png,Screenshot 2021-05-14 at 18.07.39,image/png,2021-05-15T17:11:30,review,,P2,not_started,Missing media-library alt text.
image,388,https://unpoison.org/wp-content/uploads/2021/04/environmental-nonprofit-32.jpg,environmental-nonprofit-32,image/jpeg,2021-04-27T14:45:48,review,,P2,not_started,Missing media-library alt text.
image,387,https://unpoison.org/wp-content/uploads/2021/04/environmental-nonprofit-27.jpg,environmental-nonprofit-27,image/jpeg,2021-04-27T14:45:47,review,,P2,not_started,Missing media-library alt text.
image,386,https://unpoison.org/wp-content/uploads/2021/04/environmental-nonprofit-31.jpg,environmental-nonprofit-31,image/jpeg,2021-04-27T14:45:44,review,,P2,not_started,Missing media-library alt text.
image,385,https://unpoison.org/wp-content/uploads/2021/04/environmental-nonprofit-21.jpg,environmental-nonprofit-21,image/jpeg,2021-04-27T14:45:43,review,,P2,not_started,Missing media-library alt text.
image,384,https://unpoison.org/wp-content/uploads/2021/04/environmental-nonprofit-24.png,environmental-nonprofit-24,image/png,2021-04-27T14:45:36,review,,P2,not_started,Missing media-library alt text.
image,383,https://unpoison.org/wp-content/uploads/2021/04/environmental-nonprofit-28.jpg,environmental-nonprofit-28,image/jpeg,2021-04-27T14:45:35,review,,P2,not_started,Missing media-library alt text.
image,382,https://unpoison.org/wp-content/uploads/2021/04/environmental-nonprofit-19.jpg,environmental-nonprofit-19,image/jpeg,2021-04-27T14:45:33,review,,P2,not_started,Missing media-library alt text.
image,377,https://unpoison.org/wp-content/uploads/2021/04/logo_05.png,logo_05,image/png,2021-04-27T14:45:30,review,,P2,not_started,Missing media-library alt text.
image,378,https://unpoison.org/wp-content/uploads/2021/04/logo_04.png,logo_04,image/png,2021-04-27T14:45:30,review,,P2,not_started,Missing media-library alt text.
image,379,https://unpoison.org/wp-content/uploads/2021/04/logo_02.png,logo_02,image/png,2021-04-27T14:45:30,review,,P2,not_started,Missing media-library alt text.
image,380,https://unpoison.org/wp-content/uploads/2021/04/environmental-nonprofit-20.jpg,environmental-nonprofit-20,image/jpeg,2021-04-27T14:45:30,review,,P2,not_started,Missing media-library alt text.
image,381,https://unpoison.org/wp-content/uploads/2021/04/environmental-nonprofit-25.jpg,environmental-nonprofit-25,image/jpeg,2021-04-27T14:45:30,review,,P2,not_started,Missing media-library alt text.
image,374,https://unpoison.org/wp-content/uploads/2021/04/logo_08.png,logo_08,image/png,2021-04-27T14:45:27,review,,P2,not_started,Missing media-library alt text.
image,375,https://unpoison.org/wp-content/uploads/2021/04/logo_07.png,logo_07,image/png,2021-04-27T14:45:27,review,,P2,not_started,Missing media-library alt text.
image,376,https://unpoison.org/wp-content/uploads/2021/04/logo_06.png,logo_06,image/png,2021-04-27T14:45:27,review,,P2,not_started,Missing media-library alt text.
image,373,https://unpoison.org/wp-content/uploads/2021/04/environmental-nonprofit-30.jpg,environmental-nonprofit-30,image/jpeg,2021-04-27T14:45:27,review,,P2,not_started,Missing media-library alt text.
image,372,https://unpoison.org/wp-content/uploads/2021/04/environmental-nonprofit-22.jpg,environmental-nonprofit-22,image/jpeg,2021-04-27T14:45:25,review,,P2,not_started,Missing media-library alt text.
image,344,https://unpoison.org/wp-content/uploads/2021/02/MC-Agrochemicals_1-1536x748-1.jpg,UnPoison,image/jpeg,2021-07-29T13:39:59,review,,P2,not_started,Missing media-library alt text.
image,326,https://unpoison.org/wp-content/uploads/2021/02/8589a5f1-5ee9-478d-8b09-a9c324df2279.jpg,UCT Division of Public Health,image/jpeg,2021-05-16T16:46:59,review,,P2,not_started,Missing media-library alt text.
image,325,https://unpoison.org/wp-content/uploads/2021/02/afc49d2d-5436-4ee5-a153-0173108ff8f6.jpg,afc49d2d-5436-4ee5-a153-0173108ff8f6,image/jpeg,2021-02-21T15:48:06,review,,P2,not_started,Missing media-library alt text.
image,324,https://unpoison.org/wp-content/uploads/2021/02/62f59cae-2799-4082-becc-d7a578f3dcd4.jpg,62f59cae-2799-4082-becc-d7a578f3dcd4,image/jpeg,2021-02-21T15:47:45,review,,P2,not_started,Missing media-library alt text.
image,323,https://unpoison.org/wp-content/uploads/2021/02/8c8d2663-4970-4564-9505-a3193c741a76.jpg,8c8d2663-4970-4564-9505-a3193c741a76,image/jpeg,2021-02-21T15:47:23,review,,P2,not_started,Missing media-library alt text.
image,319,https://unpoison.org/wp-content/uploads/2021/02/download-flat.png,download-flat,image/png,2021-02-21T15:44:09,review,,P2,not_started,Missing media-library alt text.
image,300,https://unpoison.org/wp-content/uploads/2021/02/Screenshot-2021-02-21-at-17.15.07.png,Screenshot 2021-02-21 at 17.15.07,image/png,2021-02-21T15:20:26,review,,P2,not_started,Missing media-library alt text.
image,282,https://unpoison.org/wp-content/uploads/2021/02/Screenshot-2021-02-21-at-16.19.10.png,Screenshot 2021-02-21 at 16.19.10,image/png,2021-02-21T14:22:58,review,,P2,not_started,Missing media-library alt text.
image,281,https://unpoison.org/wp-content/uploads/2021/02/Screenshot-2021-02-21-at-16.20.23.png,Screenshot 2021-02-21 at 16.20.23,image/png,2021-02-21T14:21:20,review,,P2,not_started,Missing media-library alt text.
image,280,https://unpoison.org/wp-content/uploads/2021/02/8b310bab-c7a9-4755-9460-002dbf696622.jpeg,8b310bab-c7a9-4755-9460-002dbf696622,image/jpeg,2021-02-21T14:20:53,review,,P2,not_started,Missing media-library alt text.
image,277,https://unpoison.org/wp-content/uploads/2021/02/fdae158d-d6fa-43df-8143-4359d3bb1b20.jpeg,fdae158d-d6fa-43df-8143-4359d3bb1b20,image/jpeg,2021-02-21T14:18:08,review,,P2,not_started,Missing media-library alt text.
image,272,https://unpoison.org/wp-content/uploads/2021/02/Screenshot-2021-02-21-at-16.12.36.png,Screenshot 2021-02-21 at 16.12.36,image/png,2021-02-21T14:12:56,review,,P2,not_started,Missing media-library alt text.
image,271,https://unpoison.org/wp-content/uploads/2021/02/2143377f-7453-41f5-ab70-8c86b393a6c2.jpeg,2143377f-7453-41f5-ab70-8c86b393a6c2,image/jpeg,2021-02-21T14:11:40,review,,P2,not_started,Missing media-library alt text.
image,270,https://unpoison.org/wp-content/uploads/2021/02/41271f0e-ac2f-4201-9984-09d4fe272d8b.jpeg,SAOSO,image/jpeg,2021-05-16T19:26:39,review,,P2,not_started,Missing media-library alt text.
image,269,https://unpoison.org/wp-content/uploads/2021/02/3245e772-c605-4650-bce4-74883b3f4113-e1664052462980.jpeg,3245e772-c605-4650-bce4-74883b3f4113,image/jpeg,2022-09-24T20:47:50,review,,P2,not_started,Missing media-library alt text.
image,268,https://unpoison.org/wp-content/uploads/2021/02/8fc061da-3f53-4981-944a-c936a8aa4895.jpeg,8fc061da-3f53-4981-944a-c936a8aa4895,image/jpeg,2021-02-21T14:10:39,review,,P2,not_started,Missing media-library alt text.
image,267,https://unpoison.org/wp-content/uploads/2021/02/download.png,download,image/png,2021-02-21T14:07:34,review,,P2,not_started,Missing media-library alt text. Possible duplicate title; compare file hashes and usage before choosing a canonical asset.
image,266,https://unpoison.org/wp-content/uploads/2021/02/ECO-.jpeg,ECO,image/jpeg,2021-02-21T14:05:22,review,,P2,not_started,Missing media-library alt text.
image,265,https://unpoison.org/wp-content/uploads/2021/02/0379b469-7ddb-4db5-9f53-a528a004394f-1-e1621183498149.jpeg,CTT Food Growers Initiative,image/jpeg,2021-05-16T16:45:04,review,,P2,not_started,Missing media-library alt text.
image,264,https://unpoison.org/wp-content/uploads/2021/02/31962dd7-b9b8-46e6-9819-663e9ee02028.jpeg,GMO-Free and Poison Free Zones,image/jpeg,2021-05-17T20:30:51,review,,P2,not_started,Missing media-library alt text.
image,263,https://unpoison.org/wp-content/uploads/2021/02/Biowatch-South-Africa.png,Biowatch-South-Africa,image/png,2021-02-21T14:03:32,review,,P2,not_started,Missing media-library alt text.
image,262,https://unpoison.org/wp-content/uploads/2021/02/ba112202-26cc-4a5d-b2a4-25db2c6ca496.jpeg,ba112202-26cc-4a5d-b2a4-25db2c6ca496,image/jpeg,2021-02-21T14:02:19,review,,P2,not_started,Missing media-library alt text.
image,239,https://unpoison.org/wp-content/uploads/2020/12/cropped-yellow-canary-on-its-perch-PU2Z65L.jpg,cropped-yellow-canary-on-its-perch-PU2Z65L.jpg,image/jpeg,2021-02-21T11:48:50,review,,P2,not_started,Missing media-library alt text.
image,187,https://unpoison.org/wp-content/uploads/2021/01/conference_illustration_05.png,conference_illustration_05,image/png,2021-01-18T19:25:46,review,,P2,not_started,Missing media-library alt text.
image,183,https://unpoison.org/wp-content/uploads/2021/01/Screenshot-2021-01-18-at-18.25.23.png,Unpoison Banner Yellow Canary,image/png,2021-01-18T16:26:37,review,,P2,not_started,Missing media-library alt text.
image,152,https://unpoison.org/wp-content/uploads/2020/12/unnamed4.jpg,Spray drift report quote,image/jpeg,2020-12-05T15:35:03,review,,P2,not_started,Missing media-library alt text.
image,145,https://unpoison.org/wp-content/uploads/2020/12/unnamed3.jpg,Agrichemical Tractor Application,image/jpeg,2020-12-05T15:00:26,review,,P2,not_started,Missing media-library alt text.
image,144,https://unpoison.org/wp-content/uploads/2020/12/unnamed2.jpg,aerial spraying riebeck kasteel,image/jpeg,2020-12-05T14:54:54,review,,P2,not_started,Missing media-library alt text.
image,143,https://unpoison.org/wp-content/uploads/2020/12/unnamed1.jpg,Centrifugal spraying riebeeck kasteel,image/jpeg,2020-12-05T15:01:00,review,,P2,not_started,Missing media-library alt text.
image,142,https://unpoison.org/wp-content/uploads/2020/12/unnamed.jpg,unnamed,image/jpeg,2020-12-05T14:53:56,review,,P2,not_started,Missing media-library alt text.
document,132,https://unpoison.org/wp-content/uploads/2020/12/Pesticide-spray-drift-in-South-Africa.pdf,Pesticide spray drift in South Africa,application/pdf,2020-12-05T14:00:24,review_consolidate,/documents/pesticide-spray-drift-south-africa-full-2020.pdf,P1,local_copy,Exact public PDF copied; hash-identical to 2021 upload and redirect drafted locally.
document,131,https://unpoison.org/wp-content/uploads/2020/12/Pesticide-spray-drift-in-South-Africa-Executive-Summary-web.pdf,Pesticide spray drift in South Africa – Executive Summary-web,application/pdf,2020-12-05T14:00:15,review_consolidate,/documents/pesticide-spray-drift-south-africa-summary-2020.pdf,P1,local_copy,Exact public PDF copied; hash-identical to 2021 upload and redirect drafted locally.
image,128,https://unpoison.org/wp-content/uploads/2020/12/Spraydrift-Report-Cover.jpg,Spraydrift Report Cover,image/jpeg,2020-12-05T13:50:23,review,,P2,not_started,Missing media-library alt text.
image,127,https://unpoison.org/wp-content/uploads/2020/12/image0.jpeg,Aerial Spraying in Tulbagh,image/jpeg,2020-12-05T13:33:00,review,,P2,not_started,Missing media-library alt text.
image,71,https://unpoison.org/wp-content/uploads/2020/12/yellow-canary-on-its-perch-PU2Z65L.jpg,Yellow canary on its perch,image/jpeg,2020-12-01T21:28:45,migrate_review,,P0,in_progress,Missing media-library alt text. Already represented in the prototype; original still needs rights/version review.
image,39,https://unpoison.org/wp-content/uploads/2020/10/download.png,download,image/png,2020-10-21T08:31:59,review,,P2,not_started,Missing media-library alt text. Possible duplicate title; compare file hashes and usage before choosing a canonical asset.
image,36,https://unpoison.org/wp-content/uploads/2020/10/MC-Unpoison-Shani_1-1536x700-1.jpg,KZN Jongboer 2005,image/jpeg,2020-10-21T08:28:56,review,,P2,not_started,Missing media-library alt text.
image,32,https://unpoison.org/wp-content/uploads/2020/10/canary--scaled.jpg,Canaries sitting on a stick in pet shop,image/jpeg,2020-10-21T08:25:59,review,,P2,not_started,Missing media-library alt text.
image,24,https://unpoison.org/wp-content/uploads/2020/10/juice-bar-69.jpg,juice-bar-69,image/jpeg,2020-10-21T08:20:02,review,,P2,not_started,Missing media-library alt text.
image,22,https://unpoison.org/wp-content/uploads/2020/10/juice-bar-32.png,juice-bar-32,image/png,2020-10-21T08:19:46,review,,P2,not_started,Missing media-library alt text.
image,21,https://unpoison.org/wp-content/uploads/2020/10/5.png,5,image/png,2020-10-21T08:19:45,review,,P2,not_started,Missing media-library alt text.
image,20,https://unpoison.org/wp-content/uploads/2020/10/2.png,2,image/png,2020-10-21T08:19:43,review,,P2,not_started,Missing media-library alt text. Possible duplicate title; compare file hashes and usage before choosing a canonical asset.
image,19,https://unpoison.org/wp-content/uploads/2020/10/1.png,1,image/png,2020-10-21T08:19:42,review,,P2,not_started,Missing media-library alt text.
image,18,https://unpoison.org/wp-content/uploads/2020/10/juice-bar-32-2.png,juice-bar-32-2,image/png,2020-10-21T08:19:41,review,,P2,not_started,Missing media-library alt text.
image,17,https://unpoison.org/wp-content/uploads/2020/10/juice-bar-10.jpg,juice-bar-10,image/jpeg,2020-10-21T08:19:27,review,,P2,not_started,Missing media-library alt text.
image,16,https://unpoison.org/wp-content/uploads/2020/10/juice-bar-43-1.jpg,juice-bar-43-1,image/jpeg,2020-10-21T08:19:25,review,,P2,not_started,Missing media-library alt text.
image,13,https://unpoison.org/wp-content/uploads/2020/10/weather.png,weather,image/png,2020-10-21T08:19:24,review,,P2,not_started,Missing media-library alt text.
image,14,https://unpoison.org/wp-content/uploads/2020/10/clock.png,clock,image/png,2020-10-21T08:19:24,review,,P2,not_started,Missing media-library alt text.
image,15,https://unpoison.org/wp-content/uploads/2020/10/image-1.png,image-1,image/png,2020-10-21T08:19:24,review,,P2,not_started,Missing media-library alt text.
image,12,https://unpoison.org/wp-content/uploads/2020/10/envelope.png,envelope,image/png,2020-10-21T08:19:14,review,,P2,not_started,Missing media-library alt text.
video,58gekrMt7Jw,https://www.youtube.com/watch?v=58gekrMt7Jw,#UnPoison Our Wine — Transition Roadmap for South African Wine Farmers,youtube,,migrate_reference,/resources/,P1,not_started,"Create a typed video resource with summary, speakers/date/topics, thumbnail provenance, direct link and privacy-enhanced click-to-load player. Referenced by: https://unpoison.org/"
video,yxWBprX6KmM,https://www.youtube.com/watch?v=yxWBprX6KmM,#UnPoison Our Air — Agrichemical Spray Drift in South Africa,youtube,,migrate_reference,/resources/,P1,not_started,"Create a typed video resource with summary, speakers/date/topics, thumbnail provenance, direct link and privacy-enhanced click-to-load player. Referenced by: https://unpoison.org/"
video,S5eLo2fjfbk,https://www.youtube.com/watch?v=S5eLo2fjfbk,UnPoison Our Owls & Raptors,youtube,,migrate_reference,/resources/,P1,not_started,"Create a typed video resource with summary, speakers/date/topics, thumbnail provenance, direct link and privacy-enhanced click-to-load player. Referenced by: https://unpoison.org/"
video,SzbsNBPVyUw,https://www.youtube.com/watch?v=SzbsNBPVyUw,Calls for banning of toxic pesticides: Anna Shevel weighs in,youtube,,migrate_reference,/resources/,P1,not_started,"Create a typed video resource with summary, speakers/date/topics, thumbnail provenance, direct link and privacy-enhanced click-to-load player. Referenced by: https://unpoison.org/"
video,Z79S9Ff-Qz8,https://www.youtube.com/watch?v=Z79S9Ff-Qz8,Chemical alert | Carte Blanche,youtube,,migrate_reference,/resources/,P1,not_started,"Create a typed video resource with summary, speakers/date/topics, thumbnail provenance, direct link and privacy-enhanced click-to-load player. Referenced by: https://unpoison.org/"
video,c1KjiM0Ujio,https://www.youtube.com/watch?v=c1KjiM0Ujio,Dangers and use of organophosphate,youtube,,migrate_reference,/resources/,P1,not_started,"Create a typed video resource with summary, speakers/date/topics, thumbnail provenance, direct link and privacy-enhanced click-to-load player. Referenced by: https://unpoison.org/"
video,cSD7rlCKRqM,https://www.youtube.com/watch?v=cSD7rlCKRqM,#UnPoison Our Water,youtube,,migrate_reference,/resources/,P1,not_started,"Create a typed video resource with summary, speakers/date/topics, thumbnail provenance, direct link and privacy-enhanced click-to-load player. Referenced by: https://unpoison.org/"
video,ckDX2MCAilA,https://www.youtube.com/watch?v=ckDX2MCAilA,#UnPoison Our Legislation — Agrichemical Policy Problems in South Africa,youtube,,migrate_reference,/resources/,P1,not_started,"Create a typed video resource with summary, speakers/date/topics, thumbnail provenance, direct link and privacy-enhanced click-to-load player. Referenced by: https://unpoison.org/"
video,ezVEzCmiXM4,https://www.youtube.com/watch?v=ezVEzCmiXM4,How one scientist took on the chemical industry,youtube,,migrate_reference,/resources/,P1,not_started,"Create a typed video resource with summary, speakers/date/topics, thumbnail provenance, direct link and privacy-enhanced click-to-load player. Referenced by: https://unpoison.org/"
video,jW-bGsN_4Pk,https://www.youtube.com/watch?v=jW-bGsN_4Pk,Pesticides: An Expensive Business,youtube,,migrate_reference,/resources/,P1,not_started,"Create a typed video resource with summary, speakers/date/topics, thumbnail provenance, direct link and privacy-enhanced click-to-load player. Referenced by: https://unpoison.org/"
video,_C6aRP98-Ew,https://www.youtube.com/watch?v=_C6aRP98-Ew,Demystifying Highly Hazardous Pesticides in South Africa,youtube,,migrate_reference,/resources/,P1,not_started,"Create a typed video resource with summary, speakers/date/topics, thumbnail provenance, direct link and privacy-enhanced click-to-load player. Referenced by: https://unpoison.org/"
video,m7AIwFStAQg,https://www.youtube.com/watch?v=m7AIwFStAQg,Calls for pesticide ban in schools: Anna Shevel shares thoughts,youtube,,migrate_reference,/resources/,P1,not_started,"Create a typed video resource with summary, speakers/date/topics, thumbnail provenance, direct link and privacy-enhanced click-to-load player. Referenced by: https://unpoison.org/"
video,qc1jjcGwESE,https://www.youtube.com/watch?v=qc1jjcGwESE,"UnPoison Our City — Urban Pesticide Use, Exposure, Impacts, and Reduction",youtube,,migrate_reference,/resources/,P1,not_started,"Create a typed video resource with summary, speakers/date/topics, thumbnail provenance, direct link and privacy-enhanced click-to-load player. Referenced by: https://unpoison.org/poison-free-city/ https://unpoison.org/"
video,ynwY2C5ikFY,https://www.youtube.com/watch?v=ynwY2C5ikFY,Women on Farms — Pesticide Exposure of Women Farmworkers in Western Cape,youtube,,migrate_reference,/resources/,P1,not_started,"Create a typed video resource with summary, speakers/date/topics, thumbnail provenance, direct link and privacy-enhanced click-to-load player. Referenced by: https://unpoison.org/"
partner_reference,,https://youtube.com/shorts/p5dA7RdPmxo?feature=share,https://youtube.com/shorts/p5dA7RdPmxo?feature=share,link,,verify_reference,/about/,P2,not_started,Referenced by: https://unpoison.org/animals/
partner_reference,,https://www.capetown.gov.za/general/weed-spraying-information-and-schedules,City Spray Schedule,link,,verify_reference,/about/,P2,not_started,Referenced by: https://unpoison.org/poison-free-city/
external_form,,https://docs.google.com/forms/d/e/1FAIpQLSe966ei1pYrKU7tOovEVZOfjesUcJZ9DrqXhgHKKlSxDhFYpw/viewform?usp=header,Complete Our Poll,link,,preserve_verify,/campaigns/pesticide-free-cape-town/,P0,not_started,Referenced by: https://unpoison.org/poison-free-city/
external_form,,https://docs.google.com/forms/d/e/1FAIpQLSfnQLLrH1aXaohLnGUWJ4gk3p6BWtwwXb-otIwJQiXNPsP5sA/viewform?usp=header,Sign up here,link,,preserve_verify,/campaigns/pesticide-free-cape-town/,P0,not_started,Referenced by: https://unpoison.org/poison-free-city/
external_document,,https://www.henchem.co.za/wp-content/uploads/2020/12/Kleen-Up_English.pdf,KleenUp (Glyphosate 360 g/L),PDF,,migrate_reference,/resources/,P1,not_started,Referenced by: https://unpoison.org/poison-free-city/
external_document,,https://www.henchem.co.za/wp-content/uploads/2021/07/Esplanade-500ml-Label.pdf,Esplanade (Indazyflam 500g/L),PDF,,migrate_reference,/resources/,P1,not_started,Referenced by: https://unpoison.org/poison-free-city/
external_document,,https://www.henchem.co.za/wp-content/uploads/2020/11/Super-Lawn-Weeder-Brochure.pdf,"SuperLawnweeder (MCPA, 2,4D, Dicamba)",PDF,,migrate_reference,/resources/,P1,not_started,Referenced by: https://unpoison.org/poison-free-city/
external_document,,https://resource.capetown.gov.za/documentcentre/Documents/Agreements%20and%20contracts/Tender-263S-2023-24-Weedspraying_Extract.pdf,contractor tender document here,PDF,,migrate_reference,/resources/,P1,not_started,Referenced by: https://unpoison.org/poison-free-city/
external_document,,https://resource.capetown.gov.za/documentcentre/Documents/Forms%2c%20notices%2c%20tariffs%20and%20lists/Weed_Spraying_Contraventions_Complaint_Form.pdf,access here,PDF,,migrate_reference,/resources/,P1,not_started,Referenced by: https://unpoison.org/poison-free-city/
contact_endpoint,,"mailto:contact.us@capetown.gov.za,","contact.us@capetown.gov.za,",link,,preserve_verify,/contact/,P0,not_started,Referenced by: https://unpoison.org/poison-free-city/
contact_endpoint,,"mailto:poisonfreepeninsula@proton.me,","poisonfreepeninsula@proton.me,",link,,preserve_verify,/contact/,P0,not_started,Referenced by: https://unpoison.org/poison-free-city/
contact_endpoint,,mailto:unpoisonsa@gmail.com,unpoisonsa@gmail.com,link,,preserve_verify,/contact/,P0,not_started,Referenced by: https://unpoison.org/poison-free-city/ https://unpoison.org/monthly-donations/
external_form,,https://forms.gle/1ms2P4N5C48aebw56,Herbicide Spraying Poll for Suburbs,link,,preserve_verify,/campaigns/pesticide-free-cape-town/,P0,not_started,Referenced by: https://unpoison.org/poison-free-city/
contact_endpoint,,mailto:poisonfreemuiz@gmail.com,Contact us here,link,,preserve_verify,/contact/,P0,not_started,Referenced by: https://unpoison.org/poison-free-city/
contact_endpoint,,mailto:poisonfreepeninsula@proton.me%20,Poison-Free Peninsular,link,,preserve_verify,/contact/,P0,not_started,Referenced by: https://unpoison.org/poison-free-city/
social_link,,https://www.facebook.com/people/UnPoison/61582418597447,facebook,link,,preserve_verify,,P1,not_started,Referenced by: https://unpoison.org/poison-free-city/
social_link,,https://www.instagram.com/unpoisonsa,instagram,link,,preserve_verify,,P1,not_started,Referenced by: https://unpoison.org/poison-free-city/
social_link,,https://www.linkedin.com/company/unpoison,linkedin,link,,preserve_verify,,P1,not_started,Referenced by: https://unpoison.org/poison-free-city/
partner_reference,,https://www.youtube.com/@unpoisonsa3773,youtube,link,,verify_reference,/about/,P2,not_started,Referenced by: https://unpoison.org/poison-free-city/
partner_reference,,https://datawrapper.dwcdn.net/smnGP/3,3,link,,verify_reference,/about/,P2,not_started,Referenced by: https://unpoison.org/poison-free-city/
partner_reference,,https://thrivepay.co.za/,Electronic Mandate,link,,verify_reference,/about/,P2,not_started,Referenced by: https://unpoison.org/debit-order/
internal_reference,,https://unpoison.org/unpoisons-comment-on-sas-draft-nbsap-2026-2035,View UnPoison's Comment on draft NBSAP 2026 - 2035,link,,review_redirect,,P1,not_started,Referenced by: https://unpoison.org/
internal_reference,,https://unpoison.org/unpoison-comments-on-biopesticide-regulatory-gaps-in-south-africa-01-may-2026,View Submission on Biopesticide Regulations,link,,review_redirect,,P1,not_started,Referenced by: https://unpoison.org/
internal_reference,,https://unpoison.org/unpoison-comment-on-coct-26_27-budget-request-for-poison-free-weed-control,View Comment on CoCT 2026/27 Draft Budget here,link,,review_redirect,,P1,not_started,Referenced by: https://unpoison.org/
internal_reference,,https://unpoison.org/unpoison-comment-on-terbufos-ban-notice,READ AND DOWNLOAD COMMENT HERE,link,,review_redirect,,P1,not_started,Referenced by: https://unpoison.org/
internal_reference,,https://unpoison.org/colloquium_prog_final_20_aug_-2025-1,VIEW PESTICIDE POLICY COLLOQUIUM 2025 REPORT,link,,review_redirect,,P1,not_started,Referenced by: https://unpoison.org/
internal_reference,,https://unpoison.org/press-release_-historic-pesticide-policy-framework-colloquium-aug-2025-1,READ UNPOISON'S PRESS RELEASE OF THE EVENT,link,,review_redirect,,P1,not_started,Referenced by: https://unpoison.org/
internal_reference,,https://unpoison.org/unpoison-calls-for-an-immediate-moratorium-on-highly-hazardous-pesticide-derogations-06032025_1,VIEW MEDIA RELEASE AND EXPLANATION HERE,link,,review_redirect,,P1,not_started,Referenced by: https://unpoison.org/
internal_reference,,https://unpoison.org/request-for-immediate-suspension-and-review-of-the-derogation-process-unpoison-03032025,SUSPENSION REQUEST TO THE REGISTRAR OF ACT 36,link,,review_redirect,,P1,not_started,Referenced by: https://unpoison.org/
internal_reference,,https://unpoison.org/media-release-unpoisons-2025-update-of-south-africas-highly-hazardous-pesticide-database-and-analysis,READ SA's 2025 HHP DATABASE ANALYSIS HERE,link,,review_redirect,,P1,not_started,Referenced by: https://unpoison.org/ https://unpoison.org/our-work/
internal_reference,,https://unpoison.org/unpoison-sa-hhps-database-jmpm-criteria_ghs_echa_february-2025,SA'S 2025 HIGHLY HAZARDOUS PESTICIDE DATABASE UPDATE,link,,review_redirect,,P1,not_started,Referenced by: https://unpoison.org/ https://unpoison.org/our-work/
internal_reference,,https://unpoison.org/comment-on-update-of-act-36-10-nov-2024-web,VIEW COMMENT HERE,link,,review_redirect,,P1,not_started,Referenced by: https://unpoison.org/
internal_reference,,https://unpoison.org/unpoison-cover-letter-to-minister-of-labour-on-draft-hca-regs-of-may-2024,View Request to Minister Here,link,,review_redirect,,P1,not_started,Referenced by: https://unpoison.org/
internal_reference,,https://unpoison.org/unpoison-comment-on-draft-hca-regs-web,Download Comment on Draft Regulations Here,link,,review_redirect,,P1,not_started,Referenced by: https://unpoison.org/
internal_reference,,https://unpoison.org/sa-list-of-highly-hazardous-pesticides-using-jmpm-criteria-whofao-ban-comparisson,Download SA's 2023 HHP Database here,link,,review_redirect,,P1,not_started,Referenced by: https://unpoison.org/ https://unpoison.org/our-work/
external_document,,https://www.ohchr.org/sites/default/files/documents/issues/toxicwastes/statements/eom-statement-south-africa-sr-toxic-2023-08-11.pdf,Read here,PDF,,migrate_reference,/resources/,P1,not_started,Referenced by: https://unpoison.org/
media_coverage,,https://mg.co.za/the-green-guardian/2026-05-15-agriculture-minister-bans-toxic-pesticide-tied-to-soweto-child-deaths,2026 05 15 Agriculture Minister Bans Toxic Pesticide Tied To Soweto Child Deaths,link,,migrate_reference,/media/,P1,not_started,Referenced by: https://unpoison.org/
media_coverage,,https://mg.co.za/the-green-guardian/2026-01-23-sa-moves-to-ban-deadly-pesticide,2026 01 23 Sa Moves To Ban Deadly Pesticide,link,,migrate_reference,/media/,P1,not_started,Referenced by: https://unpoison.org/
media_coverage,,https://mg.co.za/thought-leader/2024-11-07-governments-toxic-malaise-causes-poisonings-not-spaza-shops,2024 11 07 Governments Toxic Malaise Causes Poisonings Not Spaza Shops,link,,migrate_reference,/media/,P1,not_started,Referenced by: https://unpoison.org/
media_coverage,,https://www.dailymaverick.co.za/article/2024-10-30-the-346-pesticides-in-sa-that-cause-cancer-birth-defects-or-worse-and-the-fight-to-keep-them,2024 10 30 The 346 Pesticides In Sa That Cause Cancer Birth Defects Or Worse And The Fight To Keep Them,link,,migrate_reference,/media/,P1,not_started,Referenced by: https://unpoison.org/
media_coverage,,https://omny.fm/shows/mid-morning/unpoison,Unpoison,link,,migrate_reference,/media/,P1,not_started,Referenced by: https://unpoison.org/
media_coverage,,https://mg.co.za/the-green-guardian/2023-11-22-highly-hazardous-pesticides-pose-risks-to-south-africans-says-environment-department-official,Sunday Times 14 May Green Issue,link,,migrate_reference,/media/,P1,not_started,Referenced by: https://unpoison.org/
media_coverage,,https://www.businesslive.co.za/bd/national/2023-10-02-female-farmworker-collective-fights-against-eu-banned-pesticides,2023 10 02 Female Farmworker Collective Fights Against Eu Banned Pesticides,link,,migrate_reference,/media/,P1,not_started,Referenced by: https://unpoison.org/
media_coverage,,https://www.news24.com/news24/community-newspaper/peoples-post/no-spray-pilot-project-launched-in-noordhoek-and-scarborough-to-replace-pesticide-use-20240321,No Spray Pilot Project Launched In Noordhoek And Scarborough To Replace Pesticide Use 20240321,link,,migrate_reference,/media/,P1,not_started,Referenced by: https://unpoison.org/
media_coverage,,https://www.news24.com/fin24/companies/toxic-trait-calls-for-reform-of-sas-ancient-pesticide-regulations-20220704,Toxic Trait Calls For Reform Of Sas Ancient Pesticide Regulations 20220704,link,,migrate_reference,/media/,P1,not_started,Referenced by: https://unpoison.org/
media_coverage,,https://agrinews.co.za/historic-turning-point-for-south-africas,Historic Turning Point For South Africas,link,,migrate_reference,/media/,P1,not_started,Referenced by: https://unpoison.org/
media_coverage,,https://mg.co.za/the-green-guardian/2025-09-04-sas-outdated-pesticide-laws-under-review-human-rights-and-health-at-stake,2025 09 04 Sas Outdated Pesticide Laws Under Review Human Rights And Health At Stake,link,,migrate_reference,/media/,P1,not_started,Referenced by: https://unpoison.org/
media_coverage,,https://news.mongabay.com/short-article/2025/07/south-africa-to-ban-highly-toxic-pesticide-terbufos,South Africa To Ban Highly Toxic Pesticide Terbufos,link,,migrate_reference,/media/,P1,not_started,Referenced by: https://unpoison.org/
media_coverage,,https://www.news24.com/business/companies/chaos-over-banned-pesticides-food-security-fears-mount-as-sas-clock-runs-out-20250620-0991,Chaos Over Banned Pesticides Food Security Fears Mount As Sas Clock Runs Out 20250620 0991,link,,migrate_reference,/media/,P1,not_started,Referenced by: https://unpoison.org/
media_coverage,,https://www.ewn.co.za/2024/11/01/explained-the-intention-is-to-kill-what-we-know-so-far-about-terbufos,Sunday Times 14 May Green Issue,link,,migrate_reference,/media/,P1,not_started,Referenced by: https://unpoison.org/
media_coverage,,https://www.dailymaverick.co.za/article/2023-11-09-water-pollution-sa-needs-to-act-on-herbicides-pesticides-experts,2023 11 09 Water Pollution Sa Needs To Act On Herbicides Pesticides Experts,link,,migrate_reference,/media/,P1,not_started,Referenced by: https://unpoison.org/
media_coverage,,https://omny.fm/shows/afternoons-with-pippa-hudson/pippas-planet-pilot-project-to-use-poison-free-che,Sunday Times 14 May Green Issue,link,,migrate_reference,/media/,P1,not_started,Referenced by: https://unpoison.org/
media_coverage,,https://pan-international.org/release/ambitious-action-to-phase-out-worlds-most-dangerous-pesticides-urged,Sunday Times 14 May Green Issue,link,,migrate_reference,/media/,P1,not_started,Referenced by: https://unpoison.org/
media_coverage,,https://www.ewn.co.za/2024/12/02/unpoison-sa-minister-steenhuisen-has-misled-us-about-terbufos,Sunday Times 14 May Green Issue,link,,migrate_reference,/media/,P1,not_started,Referenced by: https://unpoison.org/
media_coverage,,https://mg.co.za/the-green-guardian/2024-07-11-draft-regulations-on-hazardous-chemical-agents-leave-farmworkers-at-risk,2024 07 11 Draft Regulations On Hazardous Chemical Agents Leave Farmworkers At Risk,link,,migrate_reference,/media/,P1,not_started,Referenced by: https://unpoison.org/
media_coverage,,https://mg.co.za/environment/2023-08-14-ban-hazardous-pesticides-now-sa-told,Sunday Times 14 May Green Issue,link,,migrate_reference,/media/,P1,not_started,Referenced by: https://unpoison.org/
media_coverage,,https://www.dailymaverick.co.za/article/2021-01-26-poison-on-a-plate-outdated-agrichemical-legislation-means-your-avocado-topped-pizza-could-be-hazardous-to-your-health,2021 01 26 Poison On A Plate Outdated Agrichemical Legislation Means Your Avocado Topped Pizza Could Be Hazardous To Your Health,link,,migrate_reference,/media/,P1,not_started,Referenced by: https://unpoison.org/
media_coverage,,https://mg.co.za/environment/2020-12-10-pesticide-lobby-in-sly-bid-to-self-licence,2020 12 10 Pesticide Lobby In Sly Bid To Self Licence,link,,migrate_reference,/media/,P1,not_started,Referenced by: https://unpoison.org/
media_coverage,,https://issuu.com/sundaytimesza/docs/green,Sunday Times 14 May Green Issue,link,,migrate_reference,/media/,P1,not_started,Referenced by: https://unpoison.org/
media_coverage,,https://www.dailymaverick.co.za/article/2020-09-30-toxic-spray-drift-the-invisible-clouds-that-can-cause-severe-illne,2020 09 30 Toxic Spray Drift The Invisible Clouds That Can Cause Severe Illne,link,,migrate_reference,/media/,P1,not_started,Referenced by: https://unpoison.org/
media_coverage,,https://mg.co.za/environment/2022-02-09-environment-minister-in-crosshairs-over-proposed-amendment-to-environmental-regulations,2022 02 09 Environment Minister In Crosshairs Over Proposed Amendment To Environmental Regulations,link,,migrate_reference,/media/,P1,not_started,Referenced by: https://unpoison.org/
media_coverage,,https://www.capetalk.co.za/podcasts/144/afternoon-drive-with-john-maytham/745774/unpoison-south-africa,Sunday Times 14 May Green Issue,link,,migrate_reference,/media/,P1,not_started,Referenced by: https://unpoison.org/
partner_reference,,https://biowatch.org.za/,Biowatch.Org,link,,verify_reference,/about/,P2,not_started,Referenced by: https://unpoison.org/
partner_reference,,http://www.publichealth.uct.ac.za/,Www.Publichealth.Uct.Ac,link,,verify_reference,/about/,P2,not_started,Referenced by: https://unpoison.org/
partner_reference,,https://spp.org.za/,Spp.Org,link,,verify_reference,/about/,P2,not_started,Referenced by: https://unpoison.org/
partner_reference,,https://www.southernafricafoodlab.org/,Www.Southernafricafoodlab,link,,verify_reference,/about/,P2,not_started,Referenced by: https://unpoison.org/
partner_reference,,https://earthlorefoundation.org/,Earthlorefoundation,link,,verify_reference,/about/,P2,not_started,Referenced by: https://unpoison.org/
partner_reference,,https://ksfi.co.za/,Ksfi.Co,link,,verify_reference,/about/,P2,not_started,Referenced by: https://unpoison.org/
partner_reference,,https://www.groundwork.org.za/,Www.Groundwork.Org,link,,verify_reference,/about/,P2,not_started,Referenced by: https://unpoison.org/
partner_reference,,https://www.ed.ac.uk/,Www.Ed.Ac,link,,verify_reference,/about/,P2,not_started,Referenced by: https://unpoison.org/
partner_reference,,https://watercan.org.za/,Watercan.Org,link,,verify_reference,/about/,P2,not_started,Referenced by: https://unpoison.org/
partner_reference,,https://gmopoisonfreezones.org.za/,"GMO-Poison Free Zones,",link,,verify_reference,/about/,P2,not_started,Referenced by: https://unpoison.org/ https://unpoison.org/our-work/
partner_reference,,https://climatereality.co.za/,Climatereality.Co,link,,verify_reference,/about/,P2,not_started,Referenced by: https://unpoison.org/
partner_reference,,https://www.goedgedacht.org/,Www.Goedgedacht,link,,verify_reference,/about/,P2,not_started,Referenced by: https://unpoison.org/
partner_reference,,https://www.projectbiome.org/,Www.Projectbiome,link,,verify_reference,/about/,P2,not_started,Referenced by: https://unpoison.org/
partner_reference,,https://centrepsp.org/,Centrepsp,link,,verify_reference,/about/,P2,not_started,Referenced by: https://unpoison.org/
partner_reference,,https://saoso.org/,Saoso,link,,verify_reference,/about/,P2,not_started,Referenced by: https://unpoison.org/
partner_reference,,https://www.saoso.org/about-pgs,About Pgs,link,,verify_reference,/about/,P2,not_started,Referenced by: https://unpoison.org/
partner_reference,,https://tatibfoundation.blogspot.com/,Tatibfoundation.Blogspot,link,,verify_reference,/about/,P2,not_started,Referenced by: https://unpoison.org/
partner_reference,,https://blueskyorganics.co.za/,Blueskyorganics.Co,link,,verify_reference,/about/,P2,not_started,Referenced by: https://unpoison.org/
partner_reference,,https://health.uct.ac.za/school-public-health/divisions/environmental-health,Environmental Health,link,,verify_reference,/about/,P2,not_started,Referenced by: https://unpoison.org/
partner_reference,,https://za.boell.org/en,En,link,,verify_reference,/about/,P2,not_started,Referenced by: https://unpoison.org/
partner_reference,,https://www.integrafood.co.za/,Www.Integrafood.Co,link,,verify_reference,/about/,P2,not_started,Referenced by: https://unpoison.org/
partner_reference,,https://www.ecocert.com/en-ZA/home,Home,link,,verify_reference,/about/,P2,not_started,Referenced by: https://unpoison.org/
partner_reference,,http://award.org.za/,Award.Org,link,,verify_reference,/about/,P2,not_started,Referenced by: https://unpoison.org/
partner_reference,,https://eategrity.co.za/,Eategrity.Co,link,,verify_reference,/about/,P2,not_started,Referenced by: https://unpoison.org/
partner_reference,,http://thegreentimes.co.za/,Thegreentimes.Co,link,,verify_reference,/about/,P2,not_started,Referenced by: https://unpoison.org/
partner_reference,,http://www.envhumsouth.uct.ac.za/,Www.Envhumsouth.Uct.Ac,link,,verify_reference,/about/,P2,not_started,Referenced by: https://unpoison.org/
social_link,,https://www.facebook.com/groups/670655126826113,670655126826113,link,,preserve_verify,,P1,not_started,Referenced by: https://unpoison.org/
partner_reference,,https://swc.org.za/,Swc.Org,link,,verify_reference,/about/,P2,not_started,Referenced by: https://unpoison.org/
partner_reference,,https://www.integrativemedicine.co.za/,Www.Integrativemedicine.Co,link,,verify_reference,/about/,P2,not_started,Referenced by: https://unpoison.org/
partner_reference,,https://neag.org.za/,Neag.Org,link,,verify_reference,/about/,P2,not_started,Referenced by: https://unpoison.org/
partner_reference,,https://globalenvironmentaltrust.org/,Globalenvironmentaltrust,link,,verify_reference,/about/,P2,not_started,Referenced by: https://unpoison.org/
partner_reference,,https://therealthing.co.za/,Therealthing.Co,link,,verify_reference,/about/,P2,not_started,Referenced by: https://unpoison.org/
partner_reference,,https://goodfoodnetwork.co.za/,Goodfoodnetwork.Co,link,,verify_reference,/about/,P2,not_started,Referenced by: https://unpoison.org/
partner_reference,,https://abalimibezekhaya.org.za/,Abalimibezekhaya.Org,link,,verify_reference,/about/,P2,not_started,Referenced by: https://unpoison.org/
partner_reference,,https://envirochild.org/,Envirochild,link,,verify_reference,/about/,P2,not_started,Referenced by: https://unpoison.org/
external_document,,https://spp.org.za/wp-content/uploads/2016/07/pesticide_booklet.pdf,Pesticide Booklet,PDF,,migrate_reference,/resources/,P1,not_started,Referenced by: https://unpoison.org/
internal_reference,,https://unpoison.org/corrected-press-release-unpoison-publishes-south-africas-list-of-highly-hazardous-pesticides-23082023,Press Release and Explaination of The HHP List Issues| Download (PDF),link,,review_redirect,,P1,not_started,Referenced by: https://unpoison.org/our-work/
internal_reference,,https://unpoison.org/08122022-unpoison-hhp-phase-out-letter-to-registrar,Letter to Regsistrar On HHP Phase Out Notice| Download (PDF),link,,review_redirect,,P1,not_started,Referenced by: https://unpoison.org/our-work/
internal_reference,,https://unpoison.org/unpoison-submission-on-draft-regs-for-hazardous-pesticides-international-trade-4,Comment on Draft Regs for International Trade of Hazardous Chemicals| Download (PDF),link,,review_redirect,,P1,not_started,Referenced by: https://unpoison.org/our-work/
internal_reference,,https://unpoison.org/comment-climat-change-bill_unpoison_saoso,Comment on the Climate Bill | Download (PDF),link,,review_redirect,,P1,not_started,Referenced by: https://unpoison.org/our-work/
internal_reference,,https://unpoison.org/unpoison-comment-on-draft-eap-regs-under-nema,Comment on Proposed NEMA Changes | Download (PDF),link,,review_redirect,,P1,not_started,Referenced by: https://unpoison.org/our-work/
partner_reference,,https://therealthing.co.za/index.php/in-the-real-submission,The Real Thing,link,,verify_reference,/about/,P2,not_started,Referenced by: https://unpoison.org/our-work/
internal_reference,,https://unpoison.org/request-to-ministers,Request To Ministers | Download (PDF),link,,review_redirect,,P1,not_started,Referenced by: https://unpoison.org/our-work/
internal_reference,,https://unpoison.org/chemical-remedies-submission-on-law-reform,CHEMICAL REMEDIES LAW REFORM | Download (PDF),link,,review_redirect,,P1,not_started,Referenced by: https://unpoison.org/our-work/
internal_reference,,https://unpoison.org/chemical-remedies-report_prof-london,CHEMICAL REMEDIES REPORT | Download (PDF),link,,review_redirect,,P1,not_started,Referenced by: https://unpoison.org/our-work/
internal_reference,,https://unpoison.org/table-5-endocrine-disrupting-effects,ENDOCRINE DISRUPTERS | Download (PDF),link,,review_redirect,,P1,not_started,Referenced by: https://unpoison.org/our-work/
internal_reference,,https://unpoison.org/2021_08_20-unpoison-draft-regulations-comment-fffara-2,COMMENT ON DRAFT REGULATIONS - AGRICHEMICAL POLICY | Download (PDF),link,,review_redirect,,P1,not_started,Referenced by: https://unpoison.org/our-work/
internal_reference,,https://unpoison.org/2021_08_27-unpoison-letter-re-draft-regulations-fffara,REQUEST TO REGISTRAR of ACT 36 TO WITHDRAW DRAFT REGULATIONS | Download (PDF),link,,review_redirect,,P1,not_started,Referenced by: https://unpoison.org/our-work/
internal_reference,,https://unpoison.org/2021_09_13-unpoison-fffara_letter-to-portfolio-comm,REQUEST TO PORTFOLIO COMMITTEE TO WITHDRAW ACT of 1947 | Download (PDF),link,,review_redirect,,P1,not_started,Referenced by: https://unpoison.org/our-work/
internal_reference,,https://unpoison.org/law-reform-commission_submission-on-act-36-unpoison-2,REPEAL APARTHEID & COLONIAL LEGISLATION: Act 36 OF 1947 | Download (PDF),link,,review_redirect,,P1,not_started,Referenced by: https://unpoison.org/our-work/
internal_reference,,https://unpoison.org/pesticide-spray-drift-in-south-africa-executive-summary-web-2,Pesticide Spray Drift in South Africa - Summary,link,,review_redirect,,P1,not_started,Referenced by: https://unpoison.org/our-work/
internal_reference,,https://unpoison.org/pesticide-spray-drift-in-south-africa-2,Pesticide Spray Drift in South Africa - Full Report,link,,review_redirect,,P1,not_started,Referenced by: https://unpoison.org/our-work/
partner_reference,,https://www.saoso.org/,South African Organic Sector Organisation (SAOSO),link,,verify_reference,/about/,P2,not_started,Referenced by: https://unpoison.org/our-work/
integration,wpforms-172,,Incident reporting form,WPForms,,bridge_then_replace,/report-an-incident/,P0,blocked_access,"Export the form definition, entries count, notification recipients, confirmation, spam controls, uploads and retention rules. Never commit entries to Git."
integration,divi-contact,,General contact form,Divi form,,replace,/contact/,P0,blocked_access,"Confirm recipient, SMTP/delivery behaviour, spam controls and privacy wording before replacement."
integration,campaign-contact,,Pesticide-Free City contact form,Divi form,,replace_or_consolidate,/campaigns/pesticide-free-cape-town/,P1,blocked_access,Confirm whether campaign messages go to a different team or inbox.
integration,newsletter,,Homepage newsletter signup,Unknown provider,,replace_or_retire,/,P1,blocked_access,"Identify provider, list ownership, consent wording, double opt-in and whether the list remains active."
integration,payfast,,Once-off donation checkout,PayFast,,bridge_then_replace,/donate/,P0,blocked_access,"Verify merchant ownership, fields, minimum amount, return/cancel/notify URLs, receipts and analytics without making a transaction."
integration,thrivepay,,Debit-order mandate,ThrivePay,,preserve_verify,/donate/,P1,blocked_access,Confirm whether the mandate flow is active and who owns the account and donor data.
integration,ga4,,Google Analytics property G-X6RM1QK6ER,GA4,,review_reconfigure,,P1,blocked_access,"Confirm property ownership, privacy basis and required events before installing analytics on the replacement."
integration,aioseo,,"SEO metadata, schema and redirects",All in One SEO,,export_migrate,,P0,blocked_access,"Export global and per-page metadata, canonical/noindex settings, organisation schema and redirects."
integration,search-console,,Google Search Console property,Google Search Console,,preserve_verify,,P1,blocked_access,"Confirm ownership and use it to validate redirects, indexing and post-launch errors."
